feature_group,group_importance,group_importance_share
property_structure,0.6161941307308082,0.6161941307308082
market_location,0.21519728655946302,0.21519728655946302
market_history,0.13648391552991077,0.13648391552991077
market_timing,0.032124667179818045,0.032124667179818045
