feature_group,group_importance,group_importance_share
property_location_structure,0.740137221788293,0.8928915869657681
other,0.06129776937812969,0.07394880431125697
local_history,0.027284813050591227,0.03291603138934587
macro_temporal,0.0002019065400933995,0.00024357733362899287
