feature_group,group_importance,group_importance_share
other,0.8238195538530068,0.9348137413553668
property_location_structure,0.052416363822581864,0.05947848281102439
local_history,0.003635524067647081,0.004125342545669955
macro_temporal,0.0013945446323689965,0.001582433287938821
