feature_group,group_importance,group_importance_share
property_location_structure,0.740137221788293,0.8928915869657682
other,0.0612977693781297,0.073948804311257
local_history,0.027284813050591217,0.032916031389345866
macro_temporal,0.00020190654009341057,0.0002435773336290063
