feature_group,group_importance,group_importance_share
other,0.5736615914751627,0.8485007993956235
property_location_structure,0.09894645084441007,0.1463513400347227
local_history,0.0023559215823779566,0.003484635150177467
macro_temporal,0.0011244874981830798,0.001663225419476315
