LEGAL_TYPE,count,mean_abs_error,median_abs_error,rmse,median_ape,p90_ape
LAND,261238,938108.1579865039,127331.26984442491,13275664.852559187,0.05126349118083217,0.14953171297565654
OTHER,519,27461225.11127672,523771.50327186834,268253931.26637754,0.631544002375776,5.981104516444736
STRATA,403000,130449.13810534307,54216.963688252494,1067460.1868135943,0.06855411068560242,0.16750351213740208
