feature_group,group_importance,group_importance_share
property_location_structure,0.7400953467154715,0.8927822250900896
other,0.06141195049693647,0.07408166806493342
local_history,0.027272471936755447,0.032898974824610336
macro_temporal,0.00019657683575955432,0.00023713202036663368
