LEGAL_TYPE,count,mean_abs_error,median_abs_error,rmse,median_ape,p90_ape
LAND,261238,879030.243108127,147242.5533884234,8665545.137579478,0.06956809101873282,0.29203316948020286
OTHER,519,27383744.84676338,541616.3577198468,271529354.79257005,0.7647740737353297,8.166056596178098
STRATA,403000,221282.98587383068,100363.50975457171,904636.6264179962,0.16497716997565684,0.4884406511485181
