feature_group,group_importance,group_importance_share
other,0.5460686431986239,0.7050251550735404
property_location_structure,0.22389202494454494,0.2890653246112897
macro_temporal,0.0030370745482853566,0.003921144312247119
local_history,0.0015400724048937997,0.0019883760029227537
